,repository,branch_name,merge_commit,parent_1,parent_2,notes,conflicts
79,twitter/netty-http2,refs/remotes/origin/pull/4,d7c61b550b8ab7930e77d9ae7d6ce1b8a166e2d4,1cfc49fd02991fc028b260d8184f065ff6ae4523,510223b72bb3d074292a90adfc73de906e82b4a1,,28-9-0
80,twitter/netty-http2,refs/remotes/origin/pull/4,638272af2eaa275b497e095873fd0a48cff84f2e,1cfc49fd02991fc028b260d8184f065ff6ae4523,510223b72bb3d074292a90adfc73de906e82b4a1,,28-10-0
91,Sidereo/Paparazzi,refs/heads/master,7fb5bbc09bb0bf0dd387065778866a3367ea1d9e,799883155424360c5a651e290094b0b4cb276253,c5397f6dbf940458fe5700b774cfd9d99d1d90d6,,39-1-0
110,lsjwzh/MediaPlayerEx,refs/heads/master,c2b8da31fccbdc173ed979f13a9b3b917247b43a,74c16af6c41436f28429f390da8c86dad026deeb,3ae36bb6ca314ba197c411eaaa15b13364bc7a99,,48-0-0
119,Turkey2349/Call_Of_Minecraft-Zombies,refs/heads/master,c609a1f98b3d4d706ac0c8bce731a172b692b96c,d48ab02b080f1ed5eea69266dcb0dde918bca1f7,29e74897b10b53237bf7a331cdde9a23b53b1e04,,9-8-0;9-8-1
139,CXgamer/MC-ticker,refs/heads/master,332c9aadd49d54b3fac183f89096e8b451b34dd0,0790361d4a756910762dde7dc10e0b460e9c0ebb,37b9d1fae72ea03dcde59f866aa0e5eeb6eb26de,,7-0-0;7-0-1;7-0-2;7-0-3;7-0-4
160,Unihedro/JavaBot,refs/heads/master,7490bd54bf96924d1deefd18e9e81c55bc9aeb25,8aa4ea034f1a8b061c232abb199da32fe3a82447,5691327b5891574492d2ec98421c2a437f22c6ce,,44-20-0
172,Unihedro/JavaBot,refs/remotes/origin/fix-issue33,85d824556b4a6987237a07de90a0089969410545,6597429e38541a7851d85d793cd6f412390a7710,433c06ff066120df0cd638b518ca7cc84edceaa3,,44-32-0
223,jsurfer/JsonSurfer,refs/heads/master,ea51bf7feae88db84d488e9e9c17280df717f40f,c9f03be667c63c750b4f4f0438c05a02575cd4a8,f44f18dc6add4dd14d057e6ad80aa05159acf3f9,,37-15-0;37-15-1;37-15-2
258,markush/pxchat,refs/heads/master,1fc9fd815b083df4e1f7cb3877a4c9fe8edeefcd,8de97fd27bf0084e82515d68c18f974c688e481d,b9fcaac284b36bd5418cfbc1845c682b24aa807a,,32-8-0
261,markush/pxchat,refs/heads/master,d3dd86ae21732527548e7e84ccc5f235dd6a7b1d,9d6bafde315386ca779c01038c7870b316e3567b,44dd5dbd1f499a64688cb62fbecc48b60855646d,,32-11-0;32-11-1;32-11-2
339,coobird/thumbnailator,refs/heads/master,6c9491f4485970911ab77445341443444186eaad,be81c51ad09673318d39334d8b61065154f6cf28,9021df0c84d9834440e5d0e74d3fba608fe1d894,,12-42-0
350,coobird/thumbnailator,refs/heads/master,2d336bc03dc1d108d49d538a1038b7f40c229d90,01fa337708896ea9fbdbdaee03b2bfb2661a7ea6,b02361554b8c39271ff2af7bc9735a6a37493281,,12-53-0
351,coobird/thumbnailator,refs/heads/master,01fa337708896ea9fbdbdaee03b2bfb2661a7ea6,7d518428272cb4b2b26c68f4c44a81981597f0df,a0df20593c3794c0e2dc3f929d0df693ec3e0035,,12-54-0;12-54-1
352,coobird/thumbnailator,refs/heads/master,7d518428272cb4b2b26c68f4c44a81981597f0df,b70eb19c729e26c07925c05a3c5a5008fdc047b6,3e0d004eb0b4ab3d4b9d462e203b93fd1397967f,,12-55-0
354,coobird/thumbnailator,refs/heads/master,56dee622995e7a742ed6653942f39db624e3b069,d9d4eafeaa2c52d623c78f613aa31188e861414d,0ca48bdcd2f12d8be5bad4c59dbd9fa8f36cc7ed,,12-57-0;12-57-1;12-57-2;12-57-3;12-57-4
359,coobird/thumbnailator,refs/heads/master,9e8f2d8270b89726de4b4670998b5f71884915a5,debfaf351db6a744f49b69ee553e942be715920f,d52734e7b3f4d20651f921979c98bc4ec736106d,,12-62-0
361,coobird/thumbnailator,refs/heads/master,f2a07bbe5c59cc4b4b37935ee808356eab81c862,81d4fa37fe287a17bacfa170ff1ec3146534ddda,359ea2de21ed11db3e06712193e81f82f497e863,,12-64-0;12-64-1
368,coobird/thumbnailator,refs/heads/master,97efd05e6b972c71dc03f1afe1d21ca99e4eeffd,22e7dbc98925012c4b7dbc9dae0f7a66341dafb9,e940304b162cdc49e5d3d159440494a35d7570bc,,12-71-0
444,jfeinstein10/SlidingMenu,refs/heads/master,2d19a64f89c882bb5eacf2304637624c1c9b3d61,e44c1d3122d48269893c0d47f43dc4325d6a7321,72e2c9c43a021d929aabe8c19786982a47a75977,,2-40-0
456,jfeinstein10/SlidingMenu,refs/remotes/origin/pull/128,3ca3601bba143f5aa093d91a5eeac9fb04f5fcb3,d0a93bd3017c7f9fc1e569c89018037fa97112bd,71d057d4935b21a1e1685f9f777a8928aff3b1ae,,2-52-0
457,jfeinstein10/SlidingMenu,refs/remotes/origin/pull/128,3c8eef2beb7bb5f3d4c80c88393dc178c979390a,e4d3ce73ef396b71d77337549ab4f44ddf5e39d1,c3a47530d6b5f3eeaf20eedc3baa3dfa118e73ba,,2-53-0;2-53-1
459,jfeinstein10/SlidingMenu,refs/remotes/origin/pull/220,26474da05360ca7a6ec2de60664e2f6cdbd759bc,98b014aee3d27b4f4d3635cc4cfe496cc1a4bca9,c2ef025ca2e43ca46c15162c40ad67067fd53fdf,,2-55-0
462,jfeinstein10/SlidingMenu,refs/remotes/origin/pull/220,e785fb52a886cf9d1643299041a897dadeba76a9,68a38b9e575b1c494753c81fe3b8e690ba87ee7a,59dd35698943f61336e293964328965a55ae10e8,,2-58-0
463,jfeinstein10/SlidingMenu,refs/remotes/origin/pull/220,68a38b9e575b1c494753c81fe3b8e690ba87ee7a,0d8b4b9909dcf2a07b44934a60c52b089d78c5ca,13f0b276f51219408e00ada0421bdd9c4f3623d0,,2-59-0
464,jfeinstein10/SlidingMenu,refs/remotes/origin/pull/220,cac2a6c15a0c02dde1488a540bcee6bdb940cc1a,067009075d3fe31163d4f366cd100fc6fa19e895,eba555adef69ba0b5175f919167d3c021d9804a5,,2-60-0;2-60-1
485,anshooarora/extentreports,refs/heads/master,73b3998eb68a659474d3ca9456a4557b711ec353,9b7a4a84ceb7154f7bb186a55a5ef2823d47cb89,0dce6fb40bf50aec7a1c684186cd385e6582a0f1,,43-10-0
492,anshooarora/extentreports,refs/heads/master,20ff2e293e12089b4f96b98404bce26d7e47d22a,04e49bd345a9a1aaf57121d872e311cfbe3112c1,63558f920144f81cdb7dfb2cdbe3978fb8bca368,,43-17-0
514,mk12/mycraft,refs/heads/main,0c97f91ba74f68cb663a2ac18a4504c42d8e91a4,bbd62d6d8de3c99fb0bb8477e9521410bcdce1cc,cf88ce49705b14d4938201250cde025037ab45dc,,0-0-0
521,aikuma/aikuma,refs/heads/master,7d583a168003b996f598994a6fb60c2cc61f1cab,91a9f4dcac955e1767f90fc1fbd0418fc0c669da,7c54ccc86d76f66de82ca87c7c2ad2bbc7b6934c,,20-5-0
540,aikuma/aikuma,refs/heads/master,9c3a645917ca072b379c8836b3acb8f66f7b1892,ec32e0729001110befb14bd3206f57d8b3048511,da7a9ba2a9b06058cb21b9a154936bf7eab0cb9b,,20-24-0;20-24-1
542,aikuma/aikuma,refs/heads/master,c1ec2822647ee9de29418cd22be68cdbc67f8e82,7ac84cf0ff8e0c62eb72a312364e9b526b15ec55,be1c3a478e385acf8bcfe1ffffee82d991ae5756,,20-26-0;20-26-1;20-26-2;20-26-3;20-26-4;20-26-5;20-26-6
543,aikuma/aikuma,refs/heads/master,7ac84cf0ff8e0c62eb72a312364e9b526b15ec55,14cf040492885855dc5af6eafbeba07d0a30ae84,68ac4e222b63e890932ff621b14f86440e8fad1d,,20-27-0
550,aikuma/aikuma,refs/heads/master,14cf040492885855dc5af6eafbeba07d0a30ae84,4ee2a7062de4b8ba30a405b48919ec3b3149d74b,14c411894735f6cf1cb35a84733f58f8e7b693b6,,20-34-0;20-34-1;20-34-2;20-34-3
560,aikuma/aikuma,refs/heads/master,f3d6443f92692a412590cbaf23c0be614bbcd30f,68d7bbff83b27050204e4bb7ec7fa76151fe7a4d,1958d48de3547a27a80524f8c97edc9d280cd48c,,20-44-0
575,aikuma/aikuma,refs/heads/master,6b179ff9d8bb039a29974b58e069458955841dbe,2b3b435f9eee7fef12d85f75d6339cddf764bf5d,2d24681a440f04001ded884eaac4018f2e095897,,20-59-0;20-59-1;20-59-2;20-59-3
590,aikuma/aikuma,refs/heads/master,0cbf19914a95c7ef2563137d3fe9654ccf7b138a,2e82162f2848c8178708788d5221dfec8ba134ed,c3576e5a9b2ba6434ccf405143b3f404f5cb834b,,20-74-0
605,aikuma/aikuma,refs/heads/master,8cf62de4270a5bf3d39f4022deaa985ca0c26479,e17975ecddba5ae70a5536c18e4b465f2808dfec,74e28f0874f8ad615c0f48096de15045af555923,,20-89-0
616,aikuma/aikuma,refs/heads/master,801c4c2c86f207c25ee89485f06b1bc76b9767c0,9ee87201c6d2b728a80d91365dd415226bb1fd36,ce25f0188346be64375fcef11b69cf20562e85a1,,20-100-0
620,aikuma/aikuma,refs/heads/master,92f5ad999f34e2c723b8a002370f9fe1d4e3f477,8614211fe84bca41a5318f34c40f3b40b1a25289,8b9a090060e204e266c76448306dc8155342143a,,20-104-0
621,aikuma/aikuma,refs/heads/master,c0d1c52b7658267412020daedc07cd452fa63764,13f1978d85dcfb3fbe61e11e9ea7efbd0a9df685,e3cf48c7d73799edb736dc80f17f298c911a8180,,20-105-0
637,aikuma/aikuma,refs/heads/master,6d0ccb0daf8b25549803fd0ef48ae087394b6512,6a2e92eac49fbbfecab9f6c89b2c6fa7d6cba541,4c10f3aaa72e3ab86fd95ade36f759f9c507b4ab,,20-121-0;20-121-1
639,aikuma/aikuma,refs/heads/master,5e73daff0bc46ff47b13bb66407da4ed828361d1,d6f713ad4c76e78bb417c6f2624871f618efd922,33c2950833d713ff482bbc982ef46b47fe25c76e,,20-123-0
643,aikuma/aikuma,refs/heads/master,46a8f1431a490061495d7184c5530c90f59008ce,301374a38177c92ead1fad00c48003ddf4939217,a124e618fe25cae05adba44f270f33517fc32b7c,,20-127-0;20-127-1
645,aikuma/aikuma,refs/heads/master,c93fe3aeb85323ec82cfd4a07903f9e5149d5339,2cb807c990708c841c75f0bd6f501d16cfe7b0ad,b79b36579b7472b55e9286475a7e77d4731b0463,,20-129-0;20-129-1
763,QuantumBadger/RedReader,refs/remotes/origin/pull/190,2982469bbe626934c985648c97e2e653a5f9188d,9f0a23912411181c03bf39630cbcede74832cf45,fd6b3d1b57a4a7d6e86802764045ab82c902a474,,1-86-0;1-86-1
765,QuantumBadger/RedReader,refs/remotes/origin/pull/190,ab0e27f7896221bc8cc4b2008e713fa1f86db985,132d98555b80fa218498df4ab88beff390693e98,a4eda6ad86d9894368c329e2717e2da619ab44eb,,1-88-0
773,QuantumBadger/RedReader,refs/remotes/origin/pull/478,c0ecd6d739bf6c742bc4089d1c2dff7b8744b00b,8ff8e7e3995f6e46ebce3cab814ce4bc6c07fbb4,4f551ceab239299b7480ddd2b5ca0151a5335f88,,1-96-0;1-96-1
787,QuantumBadger/RedReader,refs/remotes/origin/pull/766,a4b0601f036b8c301f56f744b44f40c9aef3a5a8,6b791954a4a2e9e323698086f7f2448c83c09f00,590f8da433df73a99bafc6bc3e448a15b23273cc,,1-110-0
790,QuantumBadger/RedReader,refs/remotes/origin/pull/778,afb6e10e5aea892eb3f52b411912b88d221412d3,544dc44fd60cf9e7e804b989544af5c1cd5b0f12,6844c38cdce10241402891eb6b07c8b685352ea3,,1-113-0;1-113-1;1-113-2
793,QuantumBadger/RedReader,refs/remotes/origin/pull/800,a7327fe6588ecba8fa4c501ac6bc2f893dd820e4,a1711698291b7c34c61baa63e8230df80e18faff,bad55f7218eb2626e97e2d8a2f5da775adfcef3e,,1-116-0
794,QuantumBadger/RedReader,refs/remotes/origin/pull/804,8e4f885089fb236ae1d2e59f9b855fad6bed92d3,5ff0188e36291f7de8ac6af82d672175eeee77f5,a9ec99cab1851e4c977f4e32fc794f28e99d62f2,,1-117-0;1-117-1;1-117-2
796,QuantumBadger/RedReader,refs/remotes/origin/pull/816,ad9babd81993a3983da5ea35fd7ce69f07723e44,c7dceab35885f984d00fa08a40c59e07f63c73af,2a9883277bef17f4d67dd5c6b6b429c7456146ff,,1-119-0
798,QuantumBadger/RedReader,refs/remotes/origin/pull/888,357da547fcc08dd78bdde8c47bbedf275bd16a46,ff3c1ff08c6a32714127d56ce3f47e4be7c107ae,26363f51364b62fabc9154ff75ce5fd04c4c1805,,1-121-0;1-121-1;1-121-2;1-121-3;1-121-4;1-121-5;1-121-6;1-121-7;1-121-8
806,QuantumBadger/RedReader,refs/remotes/origin/pull/888,388de93a1547e7eea6bef9f7b705d2b2af2fc05b,1895ab5e8554408a3b9617bcfdad30bd3086c724,5d246b6eb77093c6b59110948a704963fd373d34,,1-129-0
808,QuantumBadger/RedReader,refs/remotes/origin/pull/890,f128c18bcc66d2791653fd167339ef8e3f67afd1,a2b201d283c5fb79884f9c33079a2c51e70fced9,aa83b9e1d1ad6feefb35f171f9fb1d69b959b986,,1-131-0
809,QuantumBadger/RedReader,refs/remotes/origin/pull/893,734dda505f13e55be7dc2e36c764ad4f8135e10c,7de37c9fdf15542fc7ac05fa456380c75ef5cb70,4db4b6b74cc02211ad564f63f71344d39ecb08c1,,1-132-0
827,QuantumBadger/RedReader,refs/remotes/origin/pull/961,eba84bf96ba1ce06767b65b7efb643d85b83f0f5,42623f3c77e958d5a6dbd555e375f4c94095bf06,e3bc334bae854fa5b5e17aec3cd3fbff93f595bd,,1-150-0;1-150-1;1-150-2;1-150-3;1-150-4;1-150-5;1-150-6;1-150-7;1-150-8;1-150-9
873,vaadin/gwt-polymer,refs/heads/master,0bb057ea2779c7fbffa88c6f105dde99384521dc,35cfcb5032b5d0529227acaf0d6de7762189dc4e,63dc190b8a377240a87bbfbf210c626364cc2699,,16-39-0
878,vaadin/gwt-polymer,refs/heads/master,3fd308614115d983c90533b7a63169fbac7aa407,fb22bde778c06c73315b3bf4ff43a3be9fc0b7ae,c752d2b2fe4e603b5df30238f3ca1420b47cb16b,,16-44-0
894,vaadin/gwt-polymer,refs/remotes/origin/pull/57,0f9bd8e3d6ef999b22d505d0a9fdfc5472ed91bb,27f29bbdbe0ae46a4f6b11666d8619ba89f2c9c4,6a1decfa742a75c6d5ab0b4444f98bf08dcbe8a2,,16-60-0
1328,square/moshi,refs/remotes/origin/pull/1102,df3ac79bf199d0989903b7bb727028b11186105a,dc15dc1dfa7632a554dc9603b9314ec9053f55cd,97c98aea3b024744cacbda2a9b50f178aa780d45,,29-432-0
1367,square/moshi,refs/remotes/origin/pull/501,079001cb6d4ba14ae247744c4a3cd35f7bda7c3e,92d5dc25b96a59d2a57a424d19b4b0c2687d7282,3a2367036c9fbdbefcec12964ba1144b53f4f2dc,,29-471-0
1372,lwhite1/TableSaw,refs/heads/master,68f967133364244b0238c0ccf7c38f6357e490f1,d0b634badf48029428b7f8d90bb3592e5cb76764,a7f0afe85806a63e842491f79028f1a00e971acb,,38-0-0
1381,lwhite1/TableSaw,refs/heads/master,ea0eccc3113ce5b38b3a65ba07445ded75467708,bbe3dad7f98e1563e7cbe4086a006a3f09d9d729,319a4d9c31ad65e14eb297cbd1204929fc132d44,,38-9-0;38-9-1;38-9-2
1382,lwhite1/TableSaw,refs/heads/master,107b41139ec9db652d16c15a42367f74ce58b82e,987892f92e263671483f5ee0745f244715049728,e93cc18330e74740a41a7c313a9ea226a5d2a3e3,,38-10-0;38-10-1;38-10-2;38-10-3
1386,lwhite1/TableSaw,refs/heads/master,6157bb173802d2260d44ae854be0c9670b29d3ad,340fa12260f7caa928dea4976f5602de40ae4269,31c241fdea7ea5aee7c6d58aef849ba42dc07023,,38-14-0;38-14-1;38-14-2
1388,lwhite1/TableSaw,refs/heads/master,a804712ba36f97c49fed2a17aa1b4a25a7192ab7,d2d0a9dfdaf467f74758aba16d332d393597988d,4ca47a2339572d58488b6b579115b361e890cc99,,38-16-0
1408,lwhite1/TableSaw,refs/heads/master,d2efb576330f7cfe02aaca69865b6c4487e8f065,7494f39fb8d1e63e460ed46b0bac08dbfc405b0b,6d28266a122a38df7acdddba3cb08642e730dfea,,38-36-0;38-36-1
1412,lwhite1/TableSaw,refs/heads/master,90615e71e5765cd04d61d663390091c1aa2f3be2,482b487825368935feb44c47ea75f2a52938aa05,88405cae0aa135ca29c442767baec9efc4ca7c35,,38-40-0
1415,lwhite1/TableSaw,refs/heads/master,a1b311cce09601340d95d6b088a519bc35f340f0,0ba918a932884f784725fc0703a141ce0c62c317,04c2342d9d3080ad86ad38ad78faf4ce32f9b5db,,38-43-0;38-43-1
1417,lwhite1/TableSaw,refs/heads/master,55d69f1bca201f99c716c4d345375d4e5a1f9add,99819c996956de096eb6a0fcc9902d03dddaab53,2d6f9938d3318a5eeeb82d95088e82203abddfb7,,38-45-0
1425,lwhite1/TableSaw,refs/heads/master,b8a0ce655552c6b451028fff7b3a74a509de6346,1133390ce71ce0099a65747f1db9d713171870e0,9c7c7b493b9ba7f2cde65aceb07ec5a6392a8f08,,38-53-0;38-53-1;38-53-2
1432,lwhite1/TableSaw,refs/heads/master,f45ca0b54e3fcacdeb89e1a8184dea1f776ceb09,24915c6662df81a09e4ce4f8e5ddf87e77710541,3f8fd8ebe7c0f4869c4d3d6dd4fa65883be483e0,,38-60-0;38-60-1
1471,lwhite1/TableSaw,refs/heads/master,c8364571e9918f9a1775de200f32f20f0b3e977f,85c48aff0aad1e09c03a1891158929609e3892e0,569329d883a01a50477f5c825b132fcfca0e9d40,,38-99-0
1480,lwhite1/TableSaw,refs/heads/master,a0ae2559f57e22d515cba5d7a68ab70689bf2cd0,25db0a672b70dfbcb6d595e707bb76edd9e4c37d,3508001d0704fedd5d0aa0f736d43c6027c8ac24,,38-108-0
1513,lwhite1/TableSaw,refs/remotes/origin/pull/150,2f258f2d896b7f59de0a7dde4a75a6ee15a9ae92,19ccbd8373fd5c237ecf6c9d9bb184d9ed0913a1,0e636e90144b66cde1dee3d6d9d05f99eaaea2b1,,38-141-0;38-141-1
1514,lwhite1/TableSaw,refs/remotes/origin/pull/19,40b32070f64da6360a6cd5fcb86b4c519d45ad2f,dffa24bc5fc054fe4a7d3d4137c3a3187726b67c,d8953e8f8df3122fa380e7f0af6e30b03b32ec69,,38-142-0;38-142-1;38-142-2;38-142-3
1517,lwhite1/TableSaw,refs/remotes/origin/pull/328,69570b96e4d30a0dfda286b42478df8c7ee888d6,4f3b74aaab90fb27a47533a320ba8401e49a807c,60c098241fd7001ce290c8dd99fd53a085f0b77e,,38-145-0
1518,lwhite1/TableSaw,refs/remotes/origin/pull/338,436f7cfe5ecfe763e7a45ce6745f1d1c52133d22,6e167b15fdeba936874662d6ccc6b0ae0a4ec6b8,03213c8c3ae8e233dc5e115bae6cdb049e8df71d,,38-146-0
1525,lwhite1/TableSaw,refs/remotes/origin/pull/377,9a52d00511a6f7b1aae615e9f8bbea3e8a68b05c,72e79f379647a7eb09b6116ae0fd74d5e2170e8f,58a8c16bd6a2443743d15416fa58b210ed6b49b9,,38-153-0
1526,lwhite1/TableSaw,refs/remotes/origin/pull/377,4c7711f268d8e23009c13d95619f1784a13e97b0,f0386254af997b2d8ec7fb3d649d6dc6a3394df5,beaaae9b9c0447ea766d03341b981e1942fb6a25,,38-154-0;38-154-1;38-154-2
1529,lwhite1/TableSaw,refs/remotes/origin/pull/400,e2efb7f50ba0ce4c8eb882ffab364add1e9c2446,87831363aea537835c42c713a23faf0aa0a51d41,747ac9ca31bac78408cacdab44d94c8d016eefe1,,38-157-0
1533,lwhite1/TableSaw,refs/remotes/origin/pull/478,876921d52ec8d136cb9a454d87e88670d5fd06d2,62fb4babe5f6e391505c2aeb56c5f6d0620d2d8b,0bb9fdc0dc2ccfa31c9a51db4be48115d9a86b3d,,38-161-0
1537,lwhite1/TableSaw,refs/remotes/origin/pull/548,81525146a0c2c139a353f623350c7198264cb353,e054d02621af1ad72980fd926dc526357022b66c,5da080e22eff3ff96f25be4fd1f85ba342794d9f,,38-165-0
1538,lwhite1/TableSaw,refs/remotes/origin/pull/562,880dfde1c707100336de1c52e326a9087c9eacff,c2b059b45c8d49fedadfa5751ea53a35f8bccde5,6d104c49f62b776fa60270547eb2192e107b0fb1,,38-166-0
1539,lwhite1/TableSaw,refs/remotes/origin/pull/589,a381dbb146090323ee9fbb78a014b0fcb0503542,b88036ea4339eb034977db9f8379843680cc5a16,dfd1f92075d526439bc81de5e4922a6c7e292eec,,38-167-0
1540,lwhite1/TableSaw,refs/remotes/origin/pull/599,5976516d42d1f10f4a41077d4530f707228d566b,a22938ef30d6505a74311c37b4c077098e3288a6,ca635d8b20e0d8080ef5680960c8d74302b36c75,,38-168-0
1553,lwhite1/TableSaw,refs/remotes/origin/pull/68,3531d7970110473309e95ac87f5545131c7d2be8,1ca480ce154586d1d41e2f74c876208c79b3ca62,3d81f404d9da56f6b57f5241e2436b7b205b9b30,,38-181-0
1554,lwhite1/TableSaw,refs/remotes/origin/pull/68,138df5c86092ef67b4e673563e06a55073555d4f,9960f89fe413e567c011ec0dc4e1e275139b9d54,3595f3fc92e2e35783a69f42dc8dd0d287ef9b07,,38-182-0;38-182-1
1557,lwhite1/TableSaw,refs/remotes/origin/pull/690,abacc507bee8e4090e6baa97eb0fc23669606f36,4a05381efb6a43817bfe3d1efeb6585d7cd793b5,d0d33d111948b494ddd29fe547fbff2e4903b31c,,38-185-0
1566,lwhite1/TableSaw,refs/remotes/origin/pull/787,d59975a4ffc8ec0f8bd8159331fcdf3d8362091c,2d0be96069f19acef345ea535e09d403ea2c9b34,b5f296f22761b34a957899cec52e7c3990295c50,,38-194-0
1567,lwhite1/TableSaw,refs/remotes/origin/pull/819,c01474eb82afe04a97e1cd538734c9cdfa1806fd,e7aa5aea9c0dc6cc998a9425a17a1907bb9ad1af,b1986e17676982b857554ca51db863d5d7bff674,,38-195-0
1569,lwhite1/TableSaw,refs/remotes/origin/pull/824,e3b8f2e16226b273abfa2a4140aa18bff857945f,2824add7c1647aaf5a2205cff21ed205f5cfd22d,c21b21f68346b9a8afbce8edd340939e0a3d2102,,38-197-0
1570,lwhite1/TableSaw,refs/remotes/origin/pull/876,46f82befab86e75d5a39c6eb899d05530cb97a8b,97ad0de158988962530d62aee4ecb012a920e8a6,96c2729348064ec55d94ebc4365938bc0ac713dd,,38-198-0
1571,lwhite1/TableSaw,refs/remotes/origin/pull/906,6acadbb069debe0ddbd13f669a923dac0e142a72,adde874fcb2826c5b35951ad267ea9a4ecf30fc4,16147ed1bc7cd88b5736e83fa2cf45d78fa40c38,,38-199-0
1573,lwhite1/TableSaw,refs/remotes/origin/pull/909,d41585937ad9cf8cf53fa2704eb2a1f6d7533288,a90c22297062cee587e3bbca5a0b73c676d632c5,d092ae5397a8a0f3e808b8537a08941ec5b850e6,,38-201-0;38-201-1;38-201-2
1574,lwhite1/TableSaw,refs/remotes/origin/pull/918,14e66b536e192466f42286e6423390de0d8121b5,1ae834220f4dfedc002b711ee7b35347fb6fcab2,74a54aa573a0a881add7a637a4d5f80941520d2e,,38-202-0
1575,lwhite1/TableSaw,refs/remotes/origin/pull/931,42404075c175e94f9f3f417ff74c97725ca64c36,ae68fc7a7bce141fe1e3cd1ee0aa7b81a95e1dde,126b0bc818ba32e6123c15f0c6c52c1c110022a1,,38-203-0
1576,lwhite1/TableSaw,refs/remotes/origin/pull/940,465a1ec59a05abacc432f8208f03fee9d72cdefa,4d0b9abbf656977a92b5be419a36e7a77005cb2c,bd5ea39061a6c35c3928c71e31f82b2e28d77402,,38-204-0
2725,psi-probe/psi-probe,refs/heads/master,906d62b14112a5b60d5a18cfce0126b00e954af8,0612076e6c49f0fdeb45a670873a8d7b10db79d8,7dfd7f1f8fd6cdee60c7e44da03902b283a68269,two initial commits,27-1147-0;27-1147-1
4631,psi-probe/psi-probe,refs/remotes/origin/javax,4a9ceb19c815e55f553a37fb9f791cb158fa8ad6,182627e6c7fc1663440879b586efa35d4f017c06,623a6def4cb82fa13520b6397410e1f758c83ed7,,27-3053-0
4792,psi-probe/psi-probe,refs/remotes/origin/pull/1099,6d286693f51dd4c1d2d81895e117d0c8513be9c8,eeed6cd735f848d7c13a968117d41474295272b3,45e9346d8911eb276f6a2ed0ea806bd075717f68,,27-3214-0
4794,psi-probe/psi-probe,refs/remotes/origin/pull/2504,1473b2fa3d8aa1822899a2e54bba155d99f18869,fd9d2bc2a3066b1dfd2f2e825d15d2e2554552e3,7dfd7f1f8fd6cdee60c7e44da03902b283a68269,two initial commits,27-3216-0;27-3216-1
4795,psi-probe/psi-probe,refs/remotes/origin/pull/2504,fd9d2bc2a3066b1dfd2f2e825d15d2e2554552e3,e73df1d90256d8a8c8ef18058171a3c7865c6338,c3599606aec40056b79591b4a3fde5effd72732e,two initial commits,27-3217-0;27-3217-1;27-3217-2
4796,psi-probe/psi-probe,refs/remotes/origin/pull/2504,e73df1d90256d8a8c8ef18058171a3c7865c6338,5e5426f50280b9b0e3d663c46d4ab8fd2b8755f5,8ac52271f81c6e4db4a34a314ef7988182389cba,two initial commits,27-3218-0
4800,psi-probe/psi-probe,refs/remotes/origin/pull/638,fd0e2c8ac05061ae8c64e2724333532fccd54fe9,a3301351a77b8ad8fd1e397eed6f1b71b2a7a390,696dd4436a3a3df601a533c7227019ed18b2ac67,,27-3222-0
4944,GoogleCloudPlatform/appengine-java-snippets,refs/heads/main,dbe274fd6d68a5df91e6545068678cfd2afdbbec,c701f29f23bb8430e0b0023b1c9e82bf08075d71,d407c61e13aae6ccf96b3b95064e9d429e844a4c,,33-134-0
4971,GoogleCloudPlatform/appengine-java-snippets,refs/heads/main,3b1490f8773c05957d6ba299ce61359c15b20695,e3bb44a2532b7720ad60a64862709c93518c04c6,4d98005d3073deafb0903bebdd1ad3fb5d247238,,33-161-0
5171,GoogleCloudPlatform/appengine-java-snippets,refs/heads/main,9a2b0e73453b33b129adbf7c5063516e77b5a7f9,abdf69a10535c08c3bdde5dd68a962d685fd88b2,9747002866da780f34adefb195ff67b0a1c2c9cd,,33-361-0;33-361-1
5235,GoogleCloudPlatform/appengine-java-snippets,refs/remotes/origin/compute_instance_template_not_consume_reservation,4d7c2a6bfa8532cbdb0e57f061f439ba872bed98,90bbb41539090ff3d5e64ceea9ffe16fe52c9bfe,c617f2afce89263b230a9953edd7a3addf630321,,33-425-0;33-425-1;33-425-2
5243,GoogleCloudPlatform/appengine-java-snippets,refs/remotes/origin/compute_reservation_create_shared_new,d21c31a31c76a1505fcd4dc104f0812f200ee599,31f088cd42b0fc20663a7f19683c5c3e0457c629,ba36764cb88c00221d06e32907057401b93c0350,,33-433-0;33-433-1
5245,GoogleCloudPlatform/appengine-java-snippets,refs/remotes/origin/compute_reservation_create_shared_new,0ebca92650da6a74689d9f49b31e8bbc1e0fc8bb,6f875d6501088ee0e0328a2eaff8e16f08a2e7f5,81d0cbc6c5e6d01393124c575f7a8eb31e70a1ef,,33-435-0
5255,GoogleCloudPlatform/appengine-java-snippets,refs/remotes/origin/ludo-java21,726704bfbaf1ea5dc57d3d27e13aeb84ca3486bd,007a7416ea384631645570dda0e8ea938f151b7f,8622af101190641f31a48d4aefbca18f38c4fa7a,,33-445-0;33-445-1
5298,GoogleCloudPlatform/appengine-java-snippets,refs/remotes/origin/pull/1036,933fe44d2c62575beffb77b4cd6740357ff99261,fb401067a3205ff1199d506e4b7da5d0161425ee,1a8fdc6fb89448811c16c4b30500330b6125e123,,33-488-0;33-488-1;33-488-2;33-488-3
5299,GoogleCloudPlatform/appengine-java-snippets,refs/remotes/origin/pull/1036,66d0618ef2df78aa67badb59ae3dc60467954d3b,9cb272fc580c728a4f4eed1e6eed93e2288cdd82,090a336e35a2a59539fae8b363007660ca982a43,,33-489-0;33-489-1
5304,GoogleCloudPlatform/appengine-java-snippets,refs/remotes/origin/pull/1054,163ea315fe0dfee6412642eae3e346353bd94242,d2ffe3b69a38632a71355e4b6a32e0904391e183,7ce4dbce64cb0915bf7f9dbb17ff7dcbce24ec53,,33-494-0;33-494-1
5419,GoogleCloudPlatform/appengine-java-snippets,refs/remotes/origin/pull/1166,d10c9112335db02a4956d2bbefeff929c4791ded,9a04af14a864629dbac470de8104bc7a94f8e220,7d03cf81327dc49467a3b2eb6da433489790147e,,33-609-0;33-609-1;33-609-2;33-609-3;33-609-4;33-609-5;33-609-6;33-609-7;33-609-8;33-609-9;33-609-10;33-609-11;33-609-12
5544,GoogleCloudPlatform/appengine-java-snippets,refs/remotes/origin/pull/1327,f3e62372ccad703a973f410bcc22667978a79082,662f6f80e46d40c282704cc038362a211b6d6a6b,c865114f8103ce4fad3fbd92d7333e4c6a74692a,,33-734-0
5546,GoogleCloudPlatform/appengine-java-snippets,refs/remotes/origin/pull/1327,d32c1025303ca7ee5345bc03b4f64ad9e2fddd94,4e6df0fa2b12cc76bfc4bb798884d453d3500b35,dec906eda63efa1f76dec2cd35b4155a6351c3ed,,33-736-0
5561,GoogleCloudPlatform/appengine-java-snippets,refs/remotes/origin/pull/1336,972b6b03bd475e5817e4a60866c21dfc311bd955,4b55ba305a2819b2f409b3166f4ba73a3a2081e1,36a3a1e3d71ae288b2e17c6c2c43dd88eed991ff,,33-751-0
5563,GoogleCloudPlatform/appengine-java-snippets,refs/remotes/origin/pull/1336,36a3a1e3d71ae288b2e17c6c2c43dd88eed991ff,289942d16cec3739e9c6dd6ab2ddc0339ce61de6,890af88e2d073fa430e601b031262a9161c72df2,,33-753-0
5728,GoogleCloudPlatform/appengine-java-snippets,refs/remotes/origin/pull/1445,1c226f89d12a98a37c719b37df5da0c3f8889e1d,32135e0e11e88a8f903693e8c2d57b39dca98f66,1a491c8fa43a7c3724c8e28535ea31c231c4e238,,33-918-0;33-918-1;33-918-2
5731,GoogleCloudPlatform/appengine-java-snippets,refs/remotes/origin/pull/1451,0d3dceee545c6b80b9bda65c55527caa6411db0c,a2e7688d9b8ad9a7abe91e1c69c5eaf095501649,81243cb46e3ea02a177dfb3fc04d60def6202138,,33-921-0
5831,GoogleCloudPlatform/appengine-java-snippets,refs/remotes/origin/pull/1551,ceb41e1429db0fb13a760b2a233ca0353dc8f66e,0c892574a8da2dbf0be315d87130c087c924d410,e14f3ba715f2a80f8b225f5727dbe978068dda0a,,33-1021-0
5855,GoogleCloudPlatform/appengine-java-snippets,refs/remotes/origin/pull/1574,58bb476ce328b1170d92ce655772221f9ee2b5d5,cc5ae613d6031e6194d89c53bf58a5bc3c260e20,5e4fbfe6883f10e473ccf0d741b8f645b0d678cb,,33-1045-0
5857,GoogleCloudPlatform/appengine-java-snippets,refs/remotes/origin/pull/1574,28f8a7c2c32b7080f813ec876444f5c537c4a1d2,18fb06bef7ad5dc26e14c95d5c6630c7114c7ea9,e14f3ba715f2a80f8b225f5727dbe978068dda0a,,33-1047-0
5860,GoogleCloudPlatform/appengine-java-snippets,refs/remotes/origin/pull/1577,67ed8cc3e549353816cd83780539099cbb633795,ad0e4fcb7ee9f3bf14e2c61da42eb3f71a6c9cb1,6a8cd4b7574537a7ec7d21050869d55c86ebd389,,33-1050-0
6215,GoogleCloudPlatform/appengine-java-snippets,refs/remotes/origin/pull/1908,e7b91c2e9a073453e048f0dcf5f4b456d99913d0,539746f343f8d945e7d2eb81131e76bc14df366d,400617c65cae60022640b3a38da578a34c1678cd,,33-1405-0
6231,GoogleCloudPlatform/appengine-java-snippets,refs/remotes/origin/pull/1928,42d99f813a08d73bfd71281eec2374826204fd31,f474d48d8105de044aae24a9f41a4730efb2be0c,e3f0654d5a1b1fa1a034e1d8eb76d6db258406ca,,33-1421-0
6232,GoogleCloudPlatform/appengine-java-snippets,refs/remotes/origin/pull/1929,a154c32d08708c85d0c3d0ed606de8e5767cb3cf,b2e1a6a96b0384fb85995ad07680ea0424a32dc8,0676aae1ef1c50feaf3f4d43014acb5d82bb555a,,33-1422-0;33-1422-1;33-1422-2;33-1422-3
6234,GoogleCloudPlatform/appengine-java-snippets,refs/remotes/origin/pull/1931,c1e587925bd6409d79f48af52c4233a33765589f,96d307885bdf420db0c47c5a99ffd63b662f730c,7507a9b2182205edcde1b2710547e9b79e882173,,33-1424-0;33-1424-1;33-1424-2;33-1424-3;33-1424-4
6335,GoogleCloudPlatform/appengine-java-snippets,refs/remotes/origin/pull/2050,8d0e7b53f04933bf047cb2186abb3db69f6219cc,d6627922db97474d656535a33b0e47f9ce2e3563,465eddd15e462ab268a37a3e53f15a9bb248b09a,,33-1525-0
6340,GoogleCloudPlatform/appengine-java-snippets,refs/remotes/origin/pull/2054,65be2be24821414333f2371072b5f4605c8577e7,66b34caf1cb05e505f9f82ed0ea1cf0f3cc47fc4,35b751c7dac56d6606c5ea350a82f6269ef9aa4b,,33-1530-0
6512,GoogleCloudPlatform/appengine-java-snippets,refs/remotes/origin/pull/2413,dd1eb677f11fda003fa382dcbf56cae920410345,aea4d04bcd1aa6cba2bd8ee34ad3ac5ee3b3ad04,30eb8e87d520a60c01c45b7656e1f2d85ecfbf5b,,33-1702-0
6527,GoogleCloudPlatform/appengine-java-snippets,refs/remotes/origin/pull/244,05c8a27bd421424a161255b67094a7d69202cc03,62362ad0493ee70e29776183f161e7d21f533c9c,098d3f862ae5ba6e10d54a8e92a3b5cdcee38edb,,33-1717-0
6540,GoogleCloudPlatform/appengine-java-snippets,refs/remotes/origin/pull/2443,258a91471545b457c6baba07fc16c1e7efab55a2,62040a92ae16f6bdb79c5c33e78b70d143d76ab3,e308272a2a516ee05ea7036a7272fb8ad68a3574,,33-1730-0
6635,GoogleCloudPlatform/appengine-java-snippets,refs/remotes/origin/pull/2669,4cc0ec4d4c76094682f1665cf629dcb0d9b26791,a1b1e2f2feb86f2094c5b4748d3ae98e43743841,f66e37ddbb3da022a604d5d0d32768e61cb5b9a9,,33-1825-0
6639,GoogleCloudPlatform/appengine-java-snippets,refs/remotes/origin/pull/2716,1c03455ebf0ea3a107d9f9082137e25467b5bd4b,3833d5618b078713da3964cc1b386f1d2f90b11e,431e7d16384cd1ddbba5b47b9a68384662ac611e,,33-1829-0
6640,GoogleCloudPlatform/appengine-java-snippets,refs/remotes/origin/pull/2719,8cf0c8be2c0dfe5e3b2c52106e8bc6b5801bb451,0b96bea21cdb21244b5902f746951287c022cb80,b7350bd7b50569a4d6f9385587d4c9a89dedf4a8,,33-1830-0
6645,GoogleCloudPlatform/appengine-java-snippets,refs/remotes/origin/pull/2807,bad0adb8d77188a2724dd3fa6dbd7acec22d5580,b9102a79f3c94c53b5df829c9be6ef3829382714,b0aa684060e658ed0a3fb8edd6a4ca96d2af95de,,33-1835-0
6646,GoogleCloudPlatform/appengine-java-snippets,refs/remotes/origin/pull/2807,b0aa684060e658ed0a3fb8edd6a4ca96d2af95de,b25e30e4390b3ce56a81620ace300c835f823ee3,acc353bb160c98a681467e6d4b4fa9e26dda6a34,,33-1836-0;33-1836-1
6647,GoogleCloudPlatform/appengine-java-snippets,refs/remotes/origin/pull/2807,0572aac7a951ab8d9a7262df7a9286dcee1e555b,1c8e025ae07cfc00ce3f0b1e64e6f551844bb49f,086c2cee37fac0bded444d4da4f564fc31effa09,,33-1837-0
6648,GoogleCloudPlatform/appengine-java-snippets,refs/remotes/origin/pull/2810,b028fce17b6b110fa56d7cf73290552ec2011fc5,826c331cd824b08d91d302c86a23cbeeca41e252,086c2cee37fac0bded444d4da4f564fc31effa09,,33-1838-0
6651,GoogleCloudPlatform/appengine-java-snippets,refs/remotes/origin/pull/2854,ea88c9a5ff10e6c2bf19eb007c448f8d3c82dce5,49391551950e2bcf5971dbb7c1bcaa7528280c19,3120eb78f6b9617de12177871ecfe793d9d6215a,,33-1841-0
6658,GoogleCloudPlatform/appengine-java-snippets,refs/remotes/origin/pull/3051,0f2e4ed4b3e67d3ead183b0c306d06d3c180830f,51d04bc0741d1d9e7d6888b993d0f1acc2478cdc,581e98a49cd98b47a754d36c09da3815e0432dfe,,33-1848-0
6659,GoogleCloudPlatform/appengine-java-snippets,refs/remotes/origin/pull/3062,256a8bb9a577233ba8207cf37fc90ccb72d83a4b,68f95a1b68763637b2dd3c83b4dcd57c50a3f81b,581e98a49cd98b47a754d36c09da3815e0432dfe,,33-1849-0
6660,GoogleCloudPlatform/appengine-java-snippets,refs/remotes/origin/pull/3062,68f95a1b68763637b2dd3c83b4dcd57c50a3f81b,61f3b6458509f17be82c02b658c02e50671a5b69,ccb74a42ade4ab654446b4c18f9c51bad21f78a5,,33-1850-0
6661,GoogleCloudPlatform/appengine-java-snippets,refs/remotes/origin/pull/3062,61f3b6458509f17be82c02b658c02e50671a5b69,adcd34c63a0cc4775f41928b3c9197ef61d9aaba,786d733eb70aa144b3e8b5be1dc9bce1eb22b373,,33-1851-0
6667,GoogleCloudPlatform/appengine-java-snippets,refs/remotes/origin/pull/3186,cd34ee823527d6420011099f611a89f9c0104d86,f2c07d3e58bc28e50e5e7792cb34179358790374,5d3d1dcb43f9b0c345926031f47c26e582ea4755,,33-1857-0
6685,GoogleCloudPlatform/appengine-java-snippets,refs/remotes/origin/pull/3687,4bc1a8ad3c5d6af2541d729343d613710a24d9d6,407831dc01c418799da78a3ed7e759e9be82149b,989c08f73d05de67089ab8f3b4791b968bde0f8b,,33-1875-0
6686,GoogleCloudPlatform/appengine-java-snippets,refs/remotes/origin/pull/3687,03de6c63ed833528aa294ddeac76225a421ca750,bec076f398f94d9c416a005ff31a658486635ce7,57c3323d1d0b366d3dfdb183656a52c1624479f6,,33-1876-0
6738,GoogleCloudPlatform/appengine-java-snippets,refs/remotes/origin/pull/4596,cdcec5b12b8379324c6636ecb87918dd1959348b,f62ec19aaa8a015a2fccb1ec2e9204c170ff2bda,f7b6a5227671082f308d6bfd785a4c671467d113,,33-1928-0
6744,GoogleCloudPlatform/appengine-java-snippets,refs/remotes/origin/pull/4706,a8a93830c1fd7def7ed66bc1ffc925445e4fbdfc,35bb873656c72b0e5c8273f530c0fa4905ef3707,8015eaadc82ad76dca8243a7b350de5e85d58781,,33-1934-0;33-1934-1;33-1934-2
6771,GoogleCloudPlatform/appengine-java-snippets,refs/remotes/origin/pull/5312,b1806437021c8ae6e8d5f04362b082bbdcd6d83a,446599afad0ed91a9d4bdca299e33500b93b3440,0f6b846e84d8e0eed6b436546eae822fcca1d599,,33-1961-0
6777,GoogleCloudPlatform/appengine-java-snippets,refs/remotes/origin/pull/5373,a88ad9807aca4228fb78a442f40ec2161149ca41,63d74d9d7eeb1e8f1eb3e90d09b0de7f8467c677,964495950d72de58319b557ab64e89af57933172,,33-1967-0;33-1967-1;33-1967-2;33-1967-3;33-1967-4;33-1967-5;33-1967-6
6778,GoogleCloudPlatform/appengine-java-snippets,refs/remotes/origin/pull/5373,2b1dc7e2f3735ea3dcf8a6a10c118cc6f42974be,63d74d9d7eeb1e8f1eb3e90d09b0de7f8467c677,964495950d72de58319b557ab64e89af57933172,,33-1968-0;33-1968-1;33-1968-2;33-1968-3;33-1968-4;33-1968-5;33-1968-6
6794,GoogleCloudPlatform/appengine-java-snippets,refs/remotes/origin/pull/5649,ee0f9a505f0bc9114fd2f964868f75d7ed48c819,f33be79aebd1353e9f79d8b4bfc6d3eb29f51a71,8101e51200c517a9f4613fba2f136b8d77968aa2,,33-1984-0
6826,GoogleCloudPlatform/appengine-java-snippets,refs/remotes/origin/pull/6202,2544f61d3305beac973a6ea93675376974c13472,39403998bdf0156c56e4397893aeb7b57e8e34c2,e8a069c186b2d3c1bdd3783faf2e9d53d952a9f7,,33-2016-0
6850,GoogleCloudPlatform/appengine-java-snippets,refs/remotes/origin/pull/6552,0be464edbb0c82c6fda0f95edf024f2559f26d62,a838263aea411faa40d78367b8315135458b99ef,c3a420bc32454186336d00a11a0fb2891c4830e6,,33-2040-0
6852,GoogleCloudPlatform/appengine-java-snippets,refs/remotes/origin/pull/6581,421457be49e21de3c8a66d4353edb66f9748eeab,5b911eee2afd986546dd8a529f019003cc0ad1c2,c9315fc735548c05a4480803643df0c5f0de8627,,33-2042-0;33-2042-1
6882,GoogleCloudPlatform/appengine-java-snippets,refs/remotes/origin/pull/7002,deba5c96e5b59eff1ce823d92e4d46fdd6f44cb8,483901053823389ddf2cc47ac9a40b6eac468d13,c978ab98ee7a8686d1b5a199d5143e10b8db4f2f,,33-2072-0;33-2072-1;33-2072-2;33-2072-3;33-2072-4
6986,GoogleCloudPlatform/appengine-java-snippets,refs/remotes/origin/pull/7828,f97528c1851c673b4ed1ae61c8a4c06ba67f4bbc,dc084f40115d86d73df9aa8ebe5220ee7cf63cce,0d93cf9f939fa23d8028ef597eea879a7ab65292,,33-2176-0
6988,GoogleCloudPlatform/appengine-java-snippets,refs/remotes/origin/pull/7828,837d7565bbb324801f100bc313dbc6cea420ea9e,2b9fa9b2c9d6e58453de6310b78daa4ed3740d19,c39ef54e9428633885c7379cdd172106d70d1344,,33-2178-0
6989,GoogleCloudPlatform/appengine-java-snippets,refs/remotes/origin/pull/7828,e69b4349ada34815ef0b98d80576f9c01bfbe5d4,82e4415aa12eacfbe01560b1311972532d6164c9,ead8010845195ff5eedc8d57f71a7417e48b236d,,33-2179-0
6992,GoogleCloudPlatform/appengine-java-snippets,refs/remotes/origin/pull/7828,c68a9593e12c2feaf8495b5279cfaa6dfcd215af,e7ca53f6d3680aa72c996852cefa431b66e2ec0f,1b4a98b6fe54d6127e340c7f30a92b36871af33c,,33-2182-0
6997,GoogleCloudPlatform/appengine-java-snippets,refs/remotes/origin/pull/7829,bf3acce3212681a9e08e1e039a64aff79796e5d3,324831cde547e2f0176876e1f80895158513e49a,ead8010845195ff5eedc8d57f71a7417e48b236d,,33-2187-0
7000,GoogleCloudPlatform/appengine-java-snippets,refs/remotes/origin/pull/7829,b10a8457424195c2608c4980bbdcfff1551d10ab,aa5a7a2ebb8da32baa840c8442c0de117ec0e83a,1b4a98b6fe54d6127e340c7f30a92b36871af33c,,33-2190-0
7013,GoogleCloudPlatform/appengine-java-snippets,refs/remotes/origin/pull/7849,7399e6c60bd414207684b96240ba0a7578c4d9ce,d40688ce860c44e2b73277b702abee731b974fbc,e4617d94abba431578bb81ff637e928538cc6fe5,,33-2203-0
7014,GoogleCloudPlatform/appengine-java-snippets,refs/remotes/origin/pull/7849,d40688ce860c44e2b73277b702abee731b974fbc,51539371065ba506289d4b8e81c9be8f47676e5d,0d93cf9f939fa23d8028ef597eea879a7ab65292,,33-2204-0
7017,GoogleCloudPlatform/appengine-java-snippets,refs/remotes/origin/pull/7849,bf764c900f93189380860d66a4fb9cffad15ecaa,108fc0487fddc20c4f86455e3f19fadad403d0b7,1b4a98b6fe54d6127e340c7f30a92b36871af33c,,33-2207-0
7019,GoogleCloudPlatform/appengine-java-snippets,refs/remotes/origin/pull/7852,b00e19d33c664a6643ded108b2ad2eb5f2cc7268,54b8c9fcb1c0854f716cbafa2bda3c9ffd6c8c6f,7b58d236386c4e4a7c3544d6cdc8a729ce331bdf,,33-2209-0
7020,GoogleCloudPlatform/appengine-java-snippets,refs/remotes/origin/pull/7852,54b8c9fcb1c0854f716cbafa2bda3c9ffd6c8c6f,532b11e287a22d45e3a68929f3de9ff7b470eca9,e4617d94abba431578bb81ff637e928538cc6fe5,,33-2210-0
7021,GoogleCloudPlatform/appengine-java-snippets,refs/remotes/origin/pull/7852,a09d8ed9140c20ae86bfc6599fa8495a0b69a18f,f6400d425b985b9539019465ab286fb4bae74f27,0d93cf9f939fa23d8028ef597eea879a7ab65292,,33-2211-0
7025,GoogleCloudPlatform/appengine-java-snippets,refs/remotes/origin/pull/7852,941954685f774c144bde7bfbd9a2e3c8e8c27e42,61edf7b7453d85360fa3c9bdf4dca426387b8e06,d3580303d62ee9400a7ecbae2fc0ac0dad4433b0,,33-2215-0
7026,GoogleCloudPlatform/appengine-java-snippets,refs/remotes/origin/pull/7853,b6f65df7e6e2a793f966dc8b4b1f31d9fbfe2ad3,b98234ed9d26b4ddcaa9b3c9f93f5f169e53dd8b,e4617d94abba431578bb81ff637e928538cc6fe5,,33-2216-0
7027,GoogleCloudPlatform/appengine-java-snippets,refs/remotes/origin/pull/7853,0efd07a02b18461d2cc633a0dd5fe0faf5a537ce,b4e4ad7546b5f8113eef66732dccddd027025c2f,0d93cf9f939fa23d8028ef597eea879a7ab65292,,33-2217-0
7030,GoogleCloudPlatform/appengine-java-snippets,refs/remotes/origin/pull/7853,3ee8502646cfd9474658a6c70b9e9b1f367984ec,eddbf5c264d52dda164e4dec0768972fc959c7d0,d3580303d62ee9400a7ecbae2fc0ac0dad4433b0,,33-2220-0
7033,GoogleCloudPlatform/appengine-java-snippets,refs/remotes/origin/pull/7854,a2cbb86d4a2ca14afeef11eb0686d8880747105a,4f91e48d50b5243343d821c80fe12559f0cd57d2,d3580303d62ee9400a7ecbae2fc0ac0dad4433b0,,33-2223-0
7094,GoogleCloudPlatform/appengine-java-snippets,refs/remotes/origin/pull/7923,fad0cae3efb127bc0e5262d9d2c147f33e7f6166,bb1b37e1b6f2dd0d0681c788438f9bdd4fe5c30f,bb41acc9a1170863f3d9f36844016738b3763696,,33-2284-0
7095,GoogleCloudPlatform/appengine-java-snippets,refs/remotes/origin/pull/7923,bb1b37e1b6f2dd0d0681c788438f9bdd4fe5c30f,8265a3f348d63751e8215ae5bf960b73d7a72088,509e95d59cdec7acd0068f38867d4c84f5388f00,,33-2285-0
7096,GoogleCloudPlatform/appengine-java-snippets,refs/remotes/origin/pull/7924,318c4404a0eacd97f3e7afeded37d28c9dbb0992,a38da29a40cf43bca8f120ef9443b85735de52ff,509e95d59cdec7acd0068f38867d4c84f5388f00,,33-2286-0
7101,GoogleCloudPlatform/appengine-java-snippets,refs/remotes/origin/pull/7970,e9717c1f12858a5247fd215437e4342d8eec5ea9,d2d392424ed491b8dc02b46ad85db454bdfdf9a0,4eccabd9f0dc1f783edf5caa1841fc3066650f16,,33-2291-0;33-2291-1
7111,GoogleCloudPlatform/appengine-java-snippets,refs/remotes/origin/pull/7980,3ad9caebc1fac8ca0964194f60e076ee3b4b5514,228968289c59a155d4d67c9f71bd506b86700890,509e95d59cdec7acd0068f38867d4c84f5388f00,,33-2301-0
7119,GoogleCloudPlatform/appengine-java-snippets,refs/remotes/origin/pull/8013,c7eb2c594b39788c0d388cd6b1959326eea5d94b,f716282b2241c0152e88e8dd28e821d9e4e198e9,a79934b5202c69e748b71810cb608678a2552eb2,,33-2309-0
7120,GoogleCloudPlatform/appengine-java-snippets,refs/remotes/origin/pull/8014,6af9c41e99e07803a3b89286cc3cb39340c56fbf,d215d334c3ef4e7dd3e653cda5d1b99a4584adc2,4cb0e931c04184caf494ced367d3411e0004693c,,33-2310-0
7121,GoogleCloudPlatform/appengine-java-snippets,refs/remotes/origin/pull/8014,252a1fa597bc34bd2475ee3bffbdb78700102090,cb663cb5e42a999a05a459e00e4b1e8f634bbe3a,a79934b5202c69e748b71810cb608678a2552eb2,,33-2311-0
7133,GoogleCloudPlatform/appengine-java-snippets,refs/remotes/origin/pull/8138,49e77817fc05f0c8c39343247b4bfd348de289e4,5bf28503fe8af77aa354f818a23dd78d2fb9bdda,6153955e6e2c6c27f58f9698cb97ab1166a174cc,,33-2323-0
7134,GoogleCloudPlatform/appengine-java-snippets,refs/remotes/origin/pull/8155,30f3a08109357fa0a427d633ab8d751910435521,943a1a1068caa0e9a11e599e27cd87d7f76cdc75,479134c3b21ca31bae66c4decaa5780b1e55f8ff,,33-2324-0
7135,GoogleCloudPlatform/appengine-java-snippets,refs/remotes/origin/pull/8164,c708b3501c94aca5196908d80b0e2a88d10c508f,d97b7bf7149ab184da8e483b28e27d958492d913,180523428cb10c35dcbb3cf042bd094a884a081b,,33-2325-0
7136,GoogleCloudPlatform/appengine-java-snippets,refs/remotes/origin/pull/8164,cb21ae8d726f21e5fa1a79f6e494436351fd7883,ef4288bff55fedf3fd25c947346da7971bf8ec2f,479134c3b21ca31bae66c4decaa5780b1e55f8ff,,33-2326-0
7162,GoogleCloudPlatform/appengine-java-snippets,refs/remotes/origin/pull/8291,4bc9c5fcc4631325d098ffa519a5ba276f4a68a9,b1de6008e7a6069a731926258567aa8cfec47bb5,4f5e400aa1038a0ea6beacc67128e2ed47f1dd9b,,33-2352-0
7171,GoogleCloudPlatform/appengine-java-snippets,refs/remotes/origin/pull/8389,ca298d865d92b9c3d1c66211934c25a5df2d3618,ec624608667c4c6183c76ccfa422e28d5749a815,491f7307aa4a1749697c5d3cf6cc03b4f0a0d4f8,,33-2361-0
7240,GoogleCloudPlatform/appengine-java-snippets,refs/remotes/origin/pull/8939,e2aee81a81a6083fcd71ea9048789170cc01d1ef,134e5cb302e69167f906bc3d912f7bb4c34d9248,06386954ea97303c119b521277bab1fc94fe1587,,33-2430-0
7241,GoogleCloudPlatform/appengine-java-snippets,refs/remotes/origin/pull/8939,48ce31720f84631ebef1d9e28b7d5dcefadb08f1,51fc458a8977661a5487ee1c0a48c4b4f822fecb,57373926927d0a19880c86294e0b998eab869108,,33-2431-0
7266,GoogleCloudPlatform/appengine-java-snippets,refs/remotes/origin/pull/9293,5d8ea9c5e8b18d06453692fc9d45dab506f7364d,e178e1de498ebbf9613743b217ab8d223d61fc85,cebc7e2c1891b8fc641f84bb76410e41ec773d2a,,33-2456-0
7273,GoogleCloudPlatform/appengine-java-snippets,refs/remotes/origin/pull/9302,2077b93700db5d60a9bd9c91c1bdf197a60773d7,7e683cda0e8fc3fdaa4f82a0589b63328b490f74,8764841f49a5a7bee08d7270e55df86ca11c164d,,33-2463-0
7277,GoogleCloudPlatform/appengine-java-snippets,refs/remotes/origin/pull/9319,2e64169809f78bf19bd846090cea04630fe3a5de,3c0fdbbb75e93837715b074f2d2aa33fc348bd70,88da97f941f671283e6c07dff28a065fd818eab0,,33-2467-0
7286,GoogleCloudPlatform/appengine-java-snippets,refs/remotes/origin/pull/9343,5dfdf48c6e4cf2c8bb6597656e679bbc05001a12,e081fe2f502698a1b60f4b5e719986117c97d664,b3c353e0c3ef91edd89b08effd923225db416343,,33-2476-0
7293,GoogleCloudPlatform/appengine-java-snippets,refs/remotes/origin/pull/9357,cc1c331f0e25132df9c99fbbec93e94e2a86f060,aaf6dd12cf90ae88ccd16fc1d7230c9dc2a75946,7b60ee899f1a9482280b7e08685f8ec2170b9fe2,,33-2483-0
7295,GoogleCloudPlatform/appengine-java-snippets,refs/remotes/origin/pull/9368,1b359342124b4909b227ffce584dd11aa3603508,6f7783475e130fbd52a444ff818c505b8f738722,d1725b1a75ca4d679a8720ef89608f1908ff4d9c,,33-2485-0;33-2485-1
7302,GoogleCloudPlatform/appengine-java-snippets,refs/remotes/origin/pull/9407,a24d618b5c5ba3c2cf573859453a53f99904c43b,2c38d4a09a22363460c9646a46f078991be415a2,444c99f754125c55fd2a378161b624b44e994f2c,,33-2492-0
7304,GoogleCloudPlatform/appengine-java-snippets,refs/remotes/origin/pull/9411,462be1775383ccc36071f94eb3b34f1533354acf,2d0b6b290bc6542fc436c2535b632a86994c0d02,2ce80d0aaa74ca270140dd57485e5a420c60f2ec,,33-2494-0
7306,GoogleCloudPlatform/appengine-java-snippets,refs/remotes/origin/pull/9413,012c99a05552640ce8c97b4b3783f1aa0cd35710,09ff612c3cd5ad0858e347bdcedbd0172d2c7d93,56fcb168efcb888f578ba796190aa453731de6c8,,33-2496-0
7307,GoogleCloudPlatform/appengine-java-snippets,refs/remotes/origin/pull/9413,09ff612c3cd5ad0858e347bdcedbd0172d2c7d93,a0c1afcf5d2f4850c3d5bc5f112ecbef37f84fb7,2ce80d0aaa74ca270140dd57485e5a420c60f2ec,,33-2497-0
7308,GoogleCloudPlatform/appengine-java-snippets,refs/remotes/origin/pull/9413,a0c1afcf5d2f4850c3d5bc5f112ecbef37f84fb7,f68a62be669a1888718c3c0412da8d8e6b24d16b,d9f6c15cfde3d39d2b45cd3ec124ecd8b6e51e23,,33-2498-0
7310,GoogleCloudPlatform/appengine-java-snippets,refs/remotes/origin/pull/9414,da098d4b1c72531005b83fe9fdba90682f7f6b48,b48007bfb3df0219118e565920997d70632be54e,d9f6c15cfde3d39d2b45cd3ec124ecd8b6e51e23,,33-2500-0
7311,GoogleCloudPlatform/appengine-java-snippets,refs/remotes/origin/pull/9415,c4eeff27cc293c1f8daa91e15d53fd530716a7e1,6be86faa750b87c60e0c070f192fdeaa3fb765aa,7d5ad9b148d1a334096e4fd672d4ff205f97bde0,,33-2501-0
7312,GoogleCloudPlatform/appengine-java-snippets,refs/remotes/origin/pull/9415,6be86faa750b87c60e0c070f192fdeaa3fb765aa,26ad8c799243f988c48126db50b8e33c8344a6c7,56fcb168efcb888f578ba796190aa453731de6c8,,33-2502-0
7313,GoogleCloudPlatform/appengine-java-snippets,refs/remotes/origin/pull/9415,9446cc1ae6af05c05615cbd532ba858129532000,28a7805d4af4f143e24598caec46905c73cb9d73,d9f6c15cfde3d39d2b45cd3ec124ecd8b6e51e23,,33-2503-0
7314,GoogleCloudPlatform/appengine-java-snippets,refs/remotes/origin/pull/9416,a6aa0ffc5897f574548238db16ec1a5c6761aaa3,0c87a9b19204cdca22d66e080c3d1058446c45fd,2ce80d0aaa74ca270140dd57485e5a420c60f2ec,,33-2504-0
7315,GoogleCloudPlatform/appengine-java-snippets,refs/remotes/origin/pull/9421,1d7f142521bbea8cd56991ea2e683aa37e17df93,d172dd72caea50144bb72732e890cb17d72fe8af,80c0fca6a71e6f6fe5d70e350fb742df323e2a8b,,33-2505-0
7321,GoogleCloudPlatform/appengine-java-snippets,refs/remotes/origin/pull/9427,b4c509cb591540bc703b35c3fc7630ff05cab78d,e9b4fa259f19a8b9cde400191c699d8aae0fc8d0,eccf0f3c91bb844d2e0b02cfef1ca9d9dbc07ad3,,33-2511-0;33-2511-1
7323,GoogleCloudPlatform/appengine-java-snippets,refs/remotes/origin/pull/9436,bff3cb196cb50f80f6769de9a65e8ab67172a17c,cf117f653d507ae6d3fd4dcdf2e4b6088440dbde,937aaa277811486052afcba07ee23f37dade0a39,,33-2513-0
7333,GoogleCloudPlatform/appengine-java-snippets,refs/remotes/origin/pull/9507,fac6d0ceb235e09dc825ee71da205c9f93b5f22c,091348223e30d5d5a6207719cd151938e1149f59,81d0cbc6c5e6d01393124c575f7a8eb31e70a1ef,,33-2523-0
7340,GoogleCloudPlatform/appengine-java-snippets,refs/remotes/origin/pull/9521,3c1a80f2f7acfc73bd92a1ee3a9a556dc51c1dd5,90e60fd574d454ed4be58a6697ca770cdae2a752,ba36764cb88c00221d06e32907057401b93c0350,,33-2530-0
7343,GoogleCloudPlatform/appengine-java-snippets,refs/remotes/origin/pull/9522,4c4766fdeaa13648d9919f9aa06648cc5e1e5634,0b8ac0750a9d97b46d2e3cd6a27667b57c8605c2,c617f2afce89263b230a9953edd7a3addf630321,,33-2533-0;33-2533-1
7344,GoogleCloudPlatform/appengine-java-snippets,refs/remotes/origin/pull/9522,6025c8ba5aa0eac0a2e3a9a8ee27f24e69726bad,0db8ffddb3bbfc7d44f0a881eb57b62eddf783b3,ba36764cb88c00221d06e32907057401b93c0350,,33-2534-0
7349,GoogleCloudPlatform/appengine-java-snippets,refs/remotes/origin/pull/9535,b471bb3c446ca1be1c4ad4e75dcd2cb09ab337ff,c05cf08d74251d910f959758a165923adfdb2d01,78de6d383fc1a0657b6bf835b999cf3958901c42,,33-2539-0;33-2539-1
7351,GoogleCloudPlatform/appengine-java-snippets,refs/remotes/origin/pull/9535,d1a5d1bb10ea8d4f6047642a9ad50c315f2e2423,0557a666c5906dfeee25c9dbfb2d6fbbaee1f76c,7792ddbeb21be44d23a8632b6452703da41c7ad7,,33-2541-0;33-2541-1
7352,GoogleCloudPlatform/appengine-java-snippets,refs/remotes/origin/pull/9535,ed76f00ca9443578a9b4e836fbe5ba131f75ee0a,45f878535cc6760680fdb9b8a824719c87c5c714,c6e4279c3bfe9461a490d8e9aa97324645fa7cd3,,33-2542-0;33-2542-1
7354,GoogleCloudPlatform/appengine-java-snippets,refs/remotes/origin/pull/9535,cbf17986a47bc95e096c7da08bbfcafd6cbad6b0,6cf5206d7b1533f574e6aeba3651258cda2bc434,c617f2afce89263b230a9953edd7a3addf630321,,33-2544-0;33-2544-1
7369,GoogleCloudPlatform/appengine-java-snippets,refs/remotes/origin/pull/9544,eea0c016cc57aa675c81fa83e23ca74ca6f42802,e773f44d412a589dc76c68634c546c0f2971c936,c617f2afce89263b230a9953edd7a3addf630321,,33-2559-0;33-2559-1;33-2559-2
7374,GoogleCloudPlatform/appengine-java-snippets,refs/remotes/origin/pull/9551,091e620dc2678a1418fbe28cd98f89da5bca417b,2aebdb46c02b5db2054e95324c806f7ad3e1b20c,c617f2afce89263b230a9953edd7a3addf630321,,33-2564-0;33-2564-1;33-2564-2
7380,GoogleCloudPlatform/appengine-java-snippets,refs/remotes/origin/pull/9564,bcf0f7425ec9cdf210182af8a7277837fd82d613,7f7d5397a49af1bf69e759e69f164e8813a6d974,dd24a49330921d8bf7015523ade842f6f0fe0068,,33-2570-0;33-2570-1;33-2570-2
7382,GoogleCloudPlatform/appengine-java-snippets,refs/remotes/origin/pull/9565,4103393fd7c235d5579728eaf8da9ac2869942af,b08d77eed8384c6d714bd74e761c736df2c5632a,56de631feca84def658c3551c7fb7e4e4564ec0b,,33-2572-0
7388,GoogleCloudPlatform/appengine-java-snippets,refs/remotes/origin/pull/9573,56c1e4f0fbfc5111b7dbd08dae7eff7973281e83,e1817453ffd46e675df41dc70521e574bc6b57fa,29784f1f831b71af09fc065df676bc41ee36bff7,,33-2578-0
7391,GoogleCloudPlatform/appengine-java-snippets,refs/remotes/origin/pull/9573,9f1271c518eb024c1205bf297d3f64192184d7b5,c2e84ffd4f2b37d6b5c98f7670a0d523470f3c15,7792ddbeb21be44d23a8632b6452703da41c7ad7,,33-2581-0
7404,GoogleCloudPlatform/appengine-java-snippets,refs/remotes/origin/pull/9594,e4bf31ba86f3926e5c7fce458a8c4cc937c3718a,68eff10b74b9dfbdab81a10da73724c9783f34f4,dd24a49330921d8bf7015523ade842f6f0fe0068,,33-2594-0;33-2594-1;33-2594-2
7409,GoogleCloudPlatform/appengine-java-snippets,refs/remotes/origin/pull/9595,15c24c0a808127894b67efffa261b3bc2e4f897b,371273ab35f670f21227de28e6c9188f975bfca0,dd24a49330921d8bf7015523ade842f6f0fe0068,,33-2599-0;33-2599-1
7412,GoogleCloudPlatform/appengine-java-snippets,refs/remotes/origin/pull/9596,67ce9d777942be5d20d1519a0cfc93fbd6f299fb,d42725eb10fdf9016d430d424deae0bfd5df9eb2,3ff39e738b5b2ff6a140d24fa45226f9057dba6e,,33-2602-0
7413,GoogleCloudPlatform/appengine-java-snippets,refs/remotes/origin/pull/9596,d42725eb10fdf9016d430d424deae0bfd5df9eb2,fecfa264bb89d8f76e5ffe46243f00dfc4baff9b,002b4ae5a17babe61d2ec78ad47a6dc336fdd6d2,,33-2603-0
7423,GoogleCloudPlatform/appengine-java-snippets,refs/remotes/origin/pull/9604,aa950a47cd5afab955cc91405ed37b4f21c37b59,bf80a8737834dca07793fbd3ae070c54bb907551,bcecf8f697edc4f564636d92c2d6446897277828,,33-2613-0;33-2613-1
7424,GoogleCloudPlatform/appengine-java-snippets,refs/remotes/origin/pull/9604,aa522cf6cd93d3eed40762c9639083e89b4373ba,9398acc2f431e44b338534c3dfec7d00952ccf57,372f0b51ad7246ea884b8018e3bdc320789457fb,,33-2614-0
7425,GoogleCloudPlatform/appengine-java-snippets,refs/remotes/origin/pull/9604,9398acc2f431e44b338534c3dfec7d00952ccf57,42b96744d1e7396aff4b03c805c0fa4cc291d58b,282ec817e77a62767c58a7c423ed3d3ab98df655,,33-2615-0
7428,GoogleCloudPlatform/appengine-java-snippets,refs/remotes/origin/pull/9606,b7dec98524e2affd7d53a6927c5dd1efb3dce3a2,3ad1716adc3ac48f27ad233e87e42f0c1b44c9d1,535a64008860af1e8c44c01078ba91c33cf1c7e3,,33-2618-0;33-2618-1
7429,GoogleCloudPlatform/appengine-java-snippets,refs/remotes/origin/pull/9606,af2883dcb758f033076eba3e2e0487d40cb5c172,32b45018d78e481c8e8deafeab24f776fb668f57,bcecf8f697edc4f564636d92c2d6446897277828,,33-2619-0
7430,GoogleCloudPlatform/appengine-java-snippets,refs/remotes/origin/pull/9606,428a2ef918bd84ac41ca650830884f9c60802506,1e1b840ee6a6f5b780432067c083debd2b176dc7,372f0b51ad7246ea884b8018e3bdc320789457fb,,33-2620-0;33-2620-1
7432,GoogleCloudPlatform/appengine-java-snippets,refs/remotes/origin/pull/9606,37dec59a0b71dd0f5d538d52de6df25a934b41a2,3531480719547bedb3bd554284e56a47be666c6e,282ec817e77a62767c58a7c423ed3d3ab98df655,,33-2622-0
7435,GoogleCloudPlatform/appengine-java-snippets,refs/remotes/origin/pull/9607,c8c33c8adcd76e5045f7f2a3b6006259a8b78fe5,1ca7638d52822130319e737b09340d787488dec0,437d4c7276d11c7d52b734f5420149f8a9fb0809,,33-2625-0
7438,GoogleCloudPlatform/appengine-java-snippets,refs/remotes/origin/pull/9607,9bbe9a0a8f9c544ab6b4d488fa2b36ce06fc0c3d,f0fb0aa7dae2aacd6d53c0ded36b7e5e24da1ce5,bcecf8f697edc4f564636d92c2d6446897277828,,33-2628-0;33-2628-1
7439,GoogleCloudPlatform/appengine-java-snippets,refs/remotes/origin/pull/9607,579de8cb8e4b569629a7c2af6768f7f5193e666a,a09e0ce169d9f299bd93876d4012809ab716b77a,372f0b51ad7246ea884b8018e3bdc320789457fb,,33-2629-0
7440,GoogleCloudPlatform/appengine-java-snippets,refs/remotes/origin/pull/9607,a09e0ce169d9f299bd93876d4012809ab716b77a,ccfd2681bb740e92213809a125227946ee0bd36b,282ec817e77a62767c58a7c423ed3d3ab98df655,,33-2630-0;33-2630-1
7444,GoogleCloudPlatform/appengine-java-snippets,refs/remotes/origin/pull/9610,8f0f84f5e6bfcc958db732e3fbaf452ea7b47a18,4e8f388ba4b3ec81a644acb55faa731308611c2b,7070190202d078e4618350037d28e776aa8e8e2f,,33-2634-0
7445,GoogleCloudPlatform/appengine-java-snippets,refs/remotes/origin/pull/9610,4e8f388ba4b3ec81a644acb55faa731308611c2b,efecb9ab6c7290c9c7489916a00d36c8576e25c9,437d4c7276d11c7d52b734f5420149f8a9fb0809,,33-2635-0
7447,GoogleCloudPlatform/appengine-java-snippets,refs/remotes/origin/pull/9610,996c3d91def7ea55fdf8081d6be3a6a3733f0921,a2981ef45e694e494f7b8f1310a10c5a463b8606,bcecf8f697edc4f564636d92c2d6446897277828,,33-2637-0;33-2637-1
7448,GoogleCloudPlatform/appengine-java-snippets,refs/remotes/origin/pull/9610,e0dd3f63d3a2b58a0674b05376a249e162c00e9b,b73402425a94edde942763d1a4b22595e5ad40a7,372f0b51ad7246ea884b8018e3bdc320789457fb,,33-2638-0;33-2638-1
7449,GoogleCloudPlatform/appengine-java-snippets,refs/remotes/origin/pull/9610,b73402425a94edde942763d1a4b22595e5ad40a7,51e17cd1ff73fc58c0488372880630a788f769bb,282ec817e77a62767c58a7c423ed3d3ab98df655,,33-2639-0
7453,GoogleCloudPlatform/appengine-java-snippets,refs/remotes/origin/pull/9611,f4885e1e12518030ac7858836823341a4594a4f7,d81e48a8fdb370b4054f354e7b75948527d5c3f7,372f0b51ad7246ea884b8018e3bdc320789457fb,,33-2643-0;33-2643-1
7457,GoogleCloudPlatform/appengine-java-snippets,refs/remotes/origin/pull/9612,31c57e2682b21d2786deb55ff72e5f4cb454ca5d,fb798afce1224d104c477455a374be88e92eb699,e6a4c3f74a303e5baf4b78a7d975facf29922b3c,,33-2647-0
7459,GoogleCloudPlatform/appengine-java-snippets,refs/remotes/origin/pull/9612,ea50e233ed4d5dd1a8a21e34be1fe95c2eb5ed9f,70eddd682ad9d1dfb8291f0998181ef428716e1e,7070190202d078e4618350037d28e776aa8e8e2f,,33-2649-0
7460,GoogleCloudPlatform/appengine-java-snippets,refs/remotes/origin/pull/9612,70eddd682ad9d1dfb8291f0998181ef428716e1e,b61ce346bd69f324b011074a2eaeb74040b2d8e2,bcecf8f697edc4f564636d92c2d6446897277828,,33-2650-0;33-2650-1
7461,GoogleCloudPlatform/appengine-java-snippets,refs/remotes/origin/pull/9612,4364586b209a2c564b853147562a1f53c7b0f255,772c178f323e7bfebeccb9f9bae2d2102a0ec78d,372f0b51ad7246ea884b8018e3bdc320789457fb,,33-2651-0;33-2651-1
7462,GoogleCloudPlatform/appengine-java-snippets,refs/remotes/origin/pull/9612,772c178f323e7bfebeccb9f9bae2d2102a0ec78d,952c4162ebf4f22b913c34a5a938e959664193ba,282ec817e77a62767c58a7c423ed3d3ab98df655,,33-2652-0
7467,GoogleCloudPlatform/appengine-java-snippets,refs/remotes/origin/pull/9613,fd43b65a0c1fc21d0fdbfac0f7ec3c5e89873b80,bc1f402ecad08b93f30dd42d631a3c15d3214f74,535a64008860af1e8c44c01078ba91c33cf1c7e3,,33-2657-0;33-2657-1
7468,GoogleCloudPlatform/appengine-java-snippets,refs/remotes/origin/pull/9613,49763a3afd0148d150f8f8b3ae5d2ff242c8dd2e,749b4310829773515088c3b4231715c826afbe0b,bcecf8f697edc4f564636d92c2d6446897277828,,33-2658-0;33-2658-1
7475,GoogleCloudPlatform/appengine-java-snippets,refs/remotes/origin/pull/9614,a2f54a1ace5936d0eaba21db7d91f96b38c3fae1,28510162401ae86f835934a473f27967f5b9089a,535a64008860af1e8c44c01078ba91c33cf1c7e3,,33-2665-0
7476,GoogleCloudPlatform/appengine-java-snippets,refs/remotes/origin/pull/9614,28510162401ae86f835934a473f27967f5b9089a,68aa1e064859f8fbf475e27da664ed8e7b9b6ea9,bcecf8f697edc4f564636d92c2d6446897277828,,33-2666-0;33-2666-1
7477,GoogleCloudPlatform/appengine-java-snippets,refs/remotes/origin/pull/9614,456fd9d1f305113448bf2b2bd7becf718b9fa046,807f221939c906bc490f8ada80fde9edead58eac,372f0b51ad7246ea884b8018e3bdc320789457fb,,33-2667-0
7481,GoogleCloudPlatform/appengine-java-snippets,refs/remotes/origin/pull/9615,be868eb17fa6231748b563a850977c0cd1af545f,a4ea2cb9757b6f60ab3f97fa5abeab294b12c126,772ba0c0cf29fdc1de5f078fd6fd65a2b16f248b,,33-2671-0
7482,GoogleCloudPlatform/appengine-java-snippets,refs/remotes/origin/pull/9615,a4ea2cb9757b6f60ab3f97fa5abeab294b12c126,f6aa259905db24a5776e654db5b87128496ee3e9,bcecf8f697edc4f564636d92c2d6446897277828,,33-2672-0;33-2672-1
7487,GoogleCloudPlatform/appengine-java-snippets,refs/remotes/origin/pull/9617,00642e6df8fae26c0d9858e313f1a4082b458b19,b58fc0f539f435c9027afe300ecaf9501a58d1ee,230665f549e20da6a5209d7fe50f2db2e720b675,,33-2677-0
7489,GoogleCloudPlatform/appengine-java-snippets,refs/remotes/origin/pull/9617,8a498155f0806441a4949a73006262f0edbc5c9a,a53bcf5b9ec27b1b94532df8b6a7333e0855f116,772ba0c0cf29fdc1de5f078fd6fd65a2b16f248b,,33-2679-0
7490,GoogleCloudPlatform/appengine-java-snippets,refs/remotes/origin/pull/9617,a53bcf5b9ec27b1b94532df8b6a7333e0855f116,adc1ac7ecf4815d158e41c0b02b542837a3cc3b0,bcecf8f697edc4f564636d92c2d6446897277828,,33-2680-0;33-2680-1
7497,GoogleCloudPlatform/appengine-java-snippets,refs/remotes/origin/pull/9641,025ab5a49025be756c0efe5b18d455aa31731caf,9262c7868eca40f19358087dc01c5d936ad2e93b,d8d625397169bc889a87b5ff9ea736e1d3214cf6,,33-2687-0
7498,GoogleCloudPlatform/appengine-java-snippets,refs/remotes/origin/pull/9641,64c15f3a3b2da078701443f1fe1531a477981b2a,f5108c2d906d21741cefab69ec43d842ac666d39,0e52e74039a091926a46a1d6e6c0b58a358753c8,,33-2688-0
7503,GoogleCloudPlatform/appengine-java-snippets,refs/remotes/origin/pull/9643,4225ce038e93e5eadc3650de2f4d3a86f3ff33f9,1252384fa17e0c1708665fcd0d32ed92988d36e9,0795de2f3256eec8dda1dc96b91cdc7caa14c0ae,,33-2693-0
7507,GoogleCloudPlatform/appengine-java-snippets,refs/remotes/origin/pull/9644,92cd5268d35b18cd574fde4ba713d506f33aa3c5,7dca8a1249ac048228ded8100b41debe52f2a93c,8e31c56ea1c319b14562ef82fe69e46e4fe9570b,,33-2697-0
7508,GoogleCloudPlatform/appengine-java-snippets,refs/remotes/origin/pull/9644,7dca8a1249ac048228ded8100b41debe52f2a93c,55ba40617f92f6dff3fdd99b26bdfb086707909d,0795de2f3256eec8dda1dc96b91cdc7caa14c0ae,,33-2698-0
7545,GoogleCloudPlatform/appengine-java-snippets,refs/remotes/origin/pull/9693,0b8767d58b8f8692b11ff22c4b3f14220b036ddd,99cb52818b93b1a3be6720c434e1f57a046e3f5f,b6ba754ee230b6a12a60236ad07d57b24c45a248,,33-2735-0
7554,GoogleCloudPlatform/appengine-java-snippets,refs/remotes/origin/pull/9694,a60106458b18d2d2d5e5648f6d317cc6363cb2fb,f2ca349308810887593fe03b1f43979139fe1f25,b6ba754ee230b6a12a60236ad07d57b24c45a248,,33-2744-0
7564,GoogleCloudPlatform/appengine-java-snippets,refs/remotes/origin/pull/9730,bffce8145faafa85048cd8396bd7bb34b6b5a25d,b59f02ad3bb52d0220d4d3089003ff9af31d1a55,0e52e74039a091926a46a1d6e6c0b58a358753c8,,33-2754-0
7586,GoogleCloudPlatform/appengine-java-snippets,refs/remotes/origin/pull/9788,d8fe6230cf67cd810a9930a2e3372d76cd601442,fadf8e892f93c363b613faeb1b2e30947759c0aa,673b387a82e05ed7e25f2ce8ea671db833a2bb02,,33-2776-0
7587,GoogleCloudPlatform/appengine-java-snippets,refs/remotes/origin/pull/9788,04143cc79ee80ac90427805c4772bbe8b300c9ed,c90d835b031d819effff695e0668632e4cafd9fc,8e31c56ea1c319b14562ef82fe69e46e4fe9570b,,33-2777-0
7588,GoogleCloudPlatform/appengine-java-snippets,refs/remotes/origin/pull/9788,bc8e69fca9e5ca955637188fb01da9f8ba85bd80,b9593d4041269e0d67317a953e88f15f35cd81d3,0795de2f3256eec8dda1dc96b91cdc7caa14c0ae,,33-2778-0
7589,GoogleCloudPlatform/appengine-java-snippets,refs/remotes/origin/pull/9788,2e917df297bea34753951eb9a649a803a2804e6c,26dddb7024de4f703362409abcf4e9bc2aaf415f,0e52e74039a091926a46a1d6e6c0b58a358753c8,,33-2779-0
7599,GoogleCloudPlatform/appengine-java-snippets,refs/remotes/origin/pull/9840,1fddee19dbf0c756fefddca0b599a8f567c53c10,28600257e3d1c0b8971e5caca69c9ad77296f1ac,d8d625397169bc889a87b5ff9ea736e1d3214cf6,,33-2789-0
7604,GoogleCloudPlatform/appengine-java-snippets,refs/remotes/origin/pull/9885,187c50baa230b6a9c105101091fb29158299cdce,9b3b124b5c09748a8dc657557b76ee9057dbef5b,7afa0d22b939a28a6bc9145afe3ddf67a6535d82,,33-2794-0
